id;name;contact_info;address
ba833e17-f1a5-4dfe-b3f7-012a6eaeab4f;since;slimy under;bravely unto
d0a671e3-16c2-488f-8030-6e02186900b8;closely;posh off;opposite and
3202bd3e-1305-4c00-8cc4-ffd7ee9fbe97;beneath plain;regularly;amid doubter
9463c29d-706d-4305-8cd3-253a6ba6899a;sedately own;positively citizen naturally;um orderly rapid
bd75f703-b8be-42c0-bead-3e15d24d491c;sometimes once gadzooks;than proliferate;jovially repossess polyester
0f7ba28c-0856-43bd-86ad-620d8cc44861;ack bookend at;suitcase mid ring;pish
71240595-006d-4f63-b6e0-bfc647bf5e0d;orientate;ligate;midst
20444359-9a4b-406b-91fc-4c8ee47328c6;our rapidly into;forecast rout psst;whistle yuck bandwidth
20390099-bc9e-4214-ad30-d60bcb4dc6c2;gah;inasmuch solidly;sometimes solace
a8c17ce1-8447-4f2e-b5a1-fa853e961239;conjecture ha stale;gee;huzzah
